"Reference","Value","Datasheet","Footprint","Qty","DNP"
"C1,C2,C4","10uF","~","Capacitor_SMD:C_0805_2012Metric","3",""
"C3,C8,C10","0.1uF","~","Capacitor_SMD:C_0805_2012Metric","3",""
"C5","0.47uF","~","Capacitor_SMD:C_0805_2012Metric","1",""
"C6","0.12uF","~","Capacitor_SMD:C_0805_2012Metric","1",""
"C7,C11","6.8uF","~","Capacitor_SMD:C_0805_2012Metric","2",""
"C9","0.2uF","~","Capacitor_SMD:C_0805_2012Metric","1",""
"J1","Socket Bateria","~","Connector_JST:JST_EH_S2B-EH_1x02_P2.50mm_Horizontal","1",""
"J2","Conn_01x02_Pin","~","TerminalBlock:TerminalBlock_bornier-2_P5.08mm","1",""
"J3","USB_C_Receptacle_USB2.0_16P","https://www.usb.org/sites/default/files/documents/usb_type-c.zip","Connector_USB:USB_C_Receptacle_GCT_USB4110","1",""
"J5","Pin Header","~","Connector_PinHeader_2.54mm:PinHeader_1x02_P2.54mm_Vertical","1",""
"R2,R4","10k","~","Resistor_SMD:R_0805_2012Metric","2",""
"R3","510k","~","Resistor_SMD:R_0805_2012Metric","1",""
"R5","51k","~","Resistor_SMD:R_0805_2012Metric","1",""
"R6,R7","3.9K","~","Resistor_SMD:R_0805_2012Metric","2",""
"R8","1.8K","~","Resistor_SMD:R_0805_2012Metric","1",""
"R9,R10","560K","~","Resistor_SMD:R_0805_2012Metric","2",""
"R11,R13","27K","~","Resistor_SMD:R_0805_2012Metric","2",""
"R12","13.5K","~","Resistor_SMD:R_0805_2012Metric","1",""
"R14","5.1K","~","Resistor_SMD:R_0805_2012Metric","1",""
"R15,R16","100K","~","Resistor_SMD:R_0805_2012Metric","2",""
"R17","51K","~","Resistor_SMD:R_0805_2012Metric","1",""
"R18","10K","~","Resistor_SMD:R_0805_2012Metric","1",""
"RV1","R_Potentiometer_Trim","~","Potentiometer_THT:Potentiometer_Vishay_T93YA_Vertical","1",""
"SW1","SW_SP3T","~","Button_Switch_SMD:SW_SP3T_PCM13","1",""
"U1","AD623","https://www.analog.com/media/en/technical-documentation/data-sheets/AD623.pdf","Package_DIP:DIP-8_W7.62mm_Socket_LongPads","1",""
"U2,U4,U5","LM358","http://www.ti.com/lit/ds/symlink/lm2904-n.pdf","Package_DIP:DIP-8_W7.62mm_LongPads,Package_DIP:DIP-8_W7.62mm_Socket_LongPads","3",""
"U3","REF5025AD","http://www.ti.com/lit/ds/symlink/ref5030.pdf","Package_SO:SOIC-8_3.9x4.9mm_P1.27mm","1",""
