Ref,Val,Package,PosX,PosY,Rot,Side
"C1","10uF","C_0805_2012Metric",60.000000,-19.000000,-90.000000,top
"C2","10uF","C_0805_2012Metric",71.000000,-19.000000,-90.000000,top
"C3","0.1uF","C_0805_2012Metric",28.950000,-49.000000,90.000000,top
"C4","10uF","C_0805_2012Metric",40.000000,-37.500000,0.000000,top
"C5","0.47uF","C_0805_2012Metric",47.050000,-37.400000,0.000000,top
"C6","0.12uF","C_0805_2012Metric",44.000000,-44.325000,90.000000,top
"C7","6.8uF","C_0805_2012Metric",47.000000,-48.525000,0.000000,top
"C8","0.1uF","C_0805_2012Metric",56.000000,-31.000000,180.000000,top
"C9","0.2uF","C_0805_2012Metric",60.000000,-34.000000,180.000000,top
"C10","0.1uF","C_0805_2012Metric",56.000000,-37.000000,0.000000,top
"C11","6.8uF","C_0805_2012Metric",67.000000,-53.000000,0.000000,top
"J1","Socket Bateria","JST_EH_S2B-EH_1x02_P2.50mm_Horizontal",31.950000,-20.682500,0.000000,top
"J2","Conn_01x02_Pin","TerminalBlock_bornier-2_P5.08mm",44.326977,-59.596050,0.000000,top
"J3","USB_C_Receptacle_USB2.0_16P","USB_C_Receptacle_GCT_USB4110",22.000000,-18.000000,180.000000,top
"J5","Pin Header","PinHeader_1x02_P2.54mm_Vertical",56.275000,-17.930000,-90.000000,top
"R2","10k","R_0805_2012Metric",26.000000,-49.000000,90.000000,top
"R3","510k","R_0805_2012Metric",27.500000,-46.000000,180.000000,top
"R4","10k","R_0805_2012Metric",32.000000,-37.500000,180.000000,top
"R5","51k","R_0805_2012Metric",36.000000,-37.500000,180.000000,top
"R6","3.9K","R_0805_2012Metric",47.050000,-40.200000,0.000000,top
"R7","3.9K","R_0805_2012Metric",47.037500,-43.000000,180.000000,top
"R8","1.8K","R_0805_2012Metric",47.037500,-45.700000,180.000000,top
"R9","560K","R_0805_2012Metric",56.000000,-28.000000,0.000000,top
"R10","560K","R_0805_2012Metric",60.000000,-28.000000,0.000000,top
"R11","27K","R_0805_2012Metric",60.000000,-31.000000,0.000000,top
"R12","13.5K","R_0805_2012Metric",56.000000,-34.000000,180.000000,top
"R13","27K","R_0805_2012Metric",60.000000,-37.000000,180.000000,top
"R14","5.1K","R_0805_2012Metric",67.000000,-50.000000,0.000000,top
"R15","100K","R_0805_2012Metric",67.000000,-47.000000,0.000000,top
"R16","100K","R_0805_2012Metric",67.000000,-59.000000,180.000000,top
"R17","51K","R_0805_2012Metric",67.000000,-62.000000,180.000000,top
"R18","10K","R_0805_2012Metric",67.000000,-56.000000,180.000000,top
"RV1","R_Potentiometer_Trim","Potentiometer_Vishay_T93YA_Vertical",27.000000,-58.250000,180.000000,top
"SW1","SW_SP3T","SW_SP3T_PCM13",45.000000,-17.000000,180.000000,top
"U1","AD623","DIP-8_W7.62mm_Socket_LongPads",39.500000,-59.500000,180.000000,top
"U2","LM358","DIP-8_W7.62mm_Socket_LongPads",32.000000,-40.500000,0.000000,top
"U3","REF5025AD","SOIC-8_3.9x4.9mm_P1.27mm",65.000000,-18.000000,0.000000,top
"U4","LM358","DIP-8_W7.62mm_Socket_LongPads",61.800000,-48.800000,180.000000,top
"U5","LM358","DIP-8_W7.62mm_Socket_LongPads",61.800000,-59.800000,180.000000,top
